task_number,n_components,confidence_threshold,total_accuracy,total_threshold_accuracy,total_grams,total_above_threshold,total_threshold_correct,total_threshold_incorrect,normalized_accuracy
1,5,-inf,0.18602742381024653,0.18602742381024653,2269.4,2269.4,435.0,1834.4,0.23713475795900565
1,5,-1000000.0,0.17392697118665268,0.17392697118665268,2269.4,2269.4,435.0,1834.4,0.23713475795900565
1,5,-100000.0,0.1829568451518479,0.1829568451518479,2269.4,2269.4,435.0,1834.4,0.23713475795900565
1,5,-10000.0,0.1836198513123668,0.1836198513123668,2269.4,2269.4,435.0,1834.4,0.23713475795900565
1,5,-1000.0,0.18208149371441765,0.18208149371441765,2269.4,2269.4,435.0,1834.4,0.23713475795900565
1,5,-100.0,0.1855608187171976,0.1855608187171976,2269.4,2269.4,435.0,1834.4,0.23713475795900565
1,5,-15.0,0.18414647102313333,0.18414647102313333,2269.4,2269.4,435.0,1834.4,0.23713475795900565
1,5,-10.0,0.17858665216303365,0.17858665216303365,2269.4,2269.4,435.0,1834.4,0.23713475795900565
1,5,-6.0,0.190811274390775,0.1898410561911818,2269.4,2240.0,429.8,1810.2,0.2374323279195669
1,5,0.0,0.1807581298480487,0.0,2269.4,0.0,0.0,0.0,
1,7,-inf,0.1832882389626256,0.1832882389626256,2269.4,2269.4,435.0,1834.4,0.23713475795900565
1,7,-1000000.0,0.18363940760652048,0.18363940760652048,2269.4,2269.4,435.0,1834.4,0.23713475795900565
1,7,-100000.0,0.18072348036118896,0.18072348036118896,2269.4,2269.4,435.0,1834.4,0.23713475795900565
1,7,-10000.0,0.18559517156611646,0.18559517156611646,2269.4,2269.4,435.0,1834.4,0.23713475795900565
1,7,-1000.0,0.17987106356488705,0.17987106356488705,2269.4,2269.4,435.0,1834.4,0.23713475795900565
1,7,-100.0,0.18516898594419864,0.18516898594419864,2269.4,2269.4,435.0,1834.4,0.23713475795900565
1,7,-15.0,0.18554734670463333,0.18554734670463333,2269.4,2269.4,435.0,1834.4,0.23713475795900565
1,7,-10.0,0.18510252629086973,0.18510252629086973,2269.4,2269.4,435.0,1834.4,0.23713475795900565
1,7,-6.0,0.17835230056556522,0.1768947123972481,2269.4,2226.6,427.2,1799.3999999999999,0.2374124708236079
1,7,0.0,0.19057808023974565,0.0,2269.4,0.0,0.0,0.0,
1,10,-inf,0.18179120629839665,0.18179120629839665,2269.4,2269.4,435.0,1834.4,0.23713475795900565
1,10,-1000000.0,0.1821083021098389,0.1821083021098389,2269.4,2269.4,435.0,1834.4,0.23713475795900565
1,10,-100000.0,0.17450716998349408,0.17450716998349408,2269.4,2269.4,435.0,1834.4,0.23713475795900565
1,10,-10000.0,0.1792131371257821,0.1792131371257821,2269.4,2269.4,435.0,1834.4,0.23713475795900565
1,10,-1000.0,0.1819446991676263,0.1819446991676263,2269.4,2269.4,423.8,1845.6000000000001,0.22962722149978326
1,10,-100.0,0.18134623093631547,0.18134623093631547,2269.4,2269.4,435.0,1834.4,0.23713475795900565
1,10,-15.0,0.17981048270718042,0.17981048270718042,2269.4,2269.4,435.0,1834.4,0.23713475795900565
1,10,-10.0,0.18332633801424972,0.18332633801424972,2269.4,2269.4,435.0,1834.4,0.23713475795900565
1,10,-6.0,0.19091580047349246,0.19030941018291933,2269.4,2231.2,428.0,1803.1999999999998,0.2373558118899734
1,10,0.0,0.1851709021105508,0.0,2269.4,0.0,0.0,0.0,
1,15,-inf,0.17347593308310752,0.17347593308310752,2269.4,2269.4,435.0,1834.4,0.23713475795900565
1,15,-1000000.0,0.1797527868219126,0.1797527868219126,2269.4,2269.4,434.8,1834.6000000000001,0.23699989098441077
1,15,-100000.0,0.17066308287163293,0.17066308287163293,2269.4,2269.4,434.8,1834.6000000000001,0.23699989098441077
1,15,-10000.0,0.18520071543372985,0.18520071543372985,2269.4,2269.4,435.0,1834.4,0.23713475795900565
1,15,-1000.0,0.19379475586955608,0.19379475586955608,2269.4,2269.4,435.0,1834.4,0.23713475795900565
1,15,-100.0,0.18332220451753264,0.18332220451753264,2269.4,2269.4,434.8,1834.6000000000001,0.23699989098441077
1,15,-15.0,0.17983407374347676,0.17983407374347676,2269.4,2269.4,435.0,1834.4,0.23713475795900565
1,15,-10.0,0.18233875927222928,0.18233875927222928,2269.4,2269.4,435.0,1834.4,0.23713475795900565
1,15,-6.0,0.17973911208483515,0.17927681928948905,2269.4,2192.4,421.6,1770.8000000000002,0.23808448159024168
1,15,0.0,0.1738091576297583,0.0,2269.4,0.0,0.0,0.0,
1,20,-inf,0.17567940395094667,0.17567940395094667,2269.4,2269.4,435.0,1834.4,0.23713475795900565
1,20,-1000000.0,0.17780516167289592,0.17780516167289592,2269.4,2269.4,435.2,1834.2,0.2372696543452186
1,20,-100000.0,0.18617883974471397,0.18617883974471397,2269.4,2269.4,435.0,1834.4,0.23713475795900565
1,20,-10000.0,0.1859744060924469,0.1859744060924469,2269.4,2269.4,435.0,1834.4,0.23713475795900565
1,20,-1000.0,0.19054553478037006,0.19054553478037006,2269.4,2269.4,435.0,1834.4,0.23713475795900565
1,20,-100.0,0.17999190380850846,0.17999190380850846,2269.4,2269.4,435.0,1834.4,0.23713475795900565
1,20,-15.0,0.18273755442912268,0.18273755442912268,2269.4,2269.4,435.0,1834.4,0.23713475795900565
1,20,-10.0,0.17868490404472126,0.17868490404472126,2269.4,2269.4,435.0,1834.4,0.23713475795900565
1,20,-6.0,0.190335912181366,0.1894436263040414,2269.4,2193.4,422.0,1771.4,0.23822964886530426
1,20,0.0,0.16753178546674735,0.0,2269.4,0.0,0.0,0.0,
1,25,-inf,0.18744607324648893,0.18744607324648893,2269.4,2269.4,435.0,1834.4,0.23713475795900565
1,25,-1000000.0,0.18036112404113866,0.18036112404113866,2269.4,2269.4,435.0,1834.4,0.23713475795900565
1,25,-100000.0,0.1844502337573341,0.1844502337573341,2269.4,2269.4,435.0,1834.4,0.23713475795900565
1,25,-10000.0,0.18313041770994212,0.18313041770994212,2269.4,2269.4,435.0,1834.4,0.23713475795900565
1,25,-1000.0,0.17522115140444433,0.17522115140444433,2269.4,2269.4,435.0,1834.4,0.23713475795900565
1,25,-100.0,0.1833456299664234,0.1833456299664234,2269.4,2269.4,435.0,1834.4,0.23713475795900565
1,25,-15.0,0.17567126854415535,0.17567126854415535,2269.4,2269.4,435.0,1834.4,0.23713475795900565
1,25,-10.0,0.18192172802051626,0.18192172802051626,2269.4,2269.4,435.0,1834.4,0.23713475795900565
1,25,-6.0,0.1773030221620885,0.17717938275549416,2269.4,2189.8,420.6,1769.2000000000003,0.23773456929685732
1,25,0.0,0.18844667631472173,0.0,2269.4,0.0,0.0,0.0,
1,28,-inf,0.18586295280806525,0.18586295280806525,2269.4,2269.4,435.0,1834.4,0.23713475795900565
1,28,-1000000.0,0.1915136307727115,0.1915136307727115,2269.4,2269.4,435.0,1834.4,0.23713475795900565
1,28,-100000.0,0.17798701529814615,0.17798701529814615,2269.4,2269.4,435.0,1834.4,0.23713475795900565
1,28,-10000.0,0.18010701735622944,0.18010701735622944,2269.4,2269.4,435.0,1834.4,0.23713475795900565
1,28,-1000.0,0.18490290927771294,0.18490290927771294,2269.4,2269.4,435.0,1834.4,0.23713475795900565
1,28,-100.0,0.1806822142594336,0.1806822142594336,2269.4,2269.4,435.2,1834.2,0.2372696543452186
1,28,-15.0,0.18914459693644667,0.18914459693644667,2269.4,2269.4,435.0,1834.4,0.23713475795900565
1,28,-10.0,0.17656035536760664,0.17656035536760664,2269.4,2269.4,435.0,1834.4,0.23713475795900565
1,28,-6.0,0.18369179303380284,0.18317779050675395,2269.4,2202.4,422.2,1780.2,0.23716436355465675
1,28,0.0,0.18152075517529176,0.0,2269.4,0.0,0.0,0.0,
3,5,-inf,0.17125576045928875,0.17125576045928875,645.8,645.8,112.0,533.8,0.20981641064068943
3,5,-1000000.0,0.1666991176302229,0.1666991176302229,645.8,645.8,112.0,533.8,0.20981641064068943
3,5,-100000.0,0.1608190847526384,0.1608190847526384,645.8,645.8,112.0,533.8,0.20981641064068943
3,5,-10000.0,0.16399136922921834,0.16399136922921834,645.8,645.8,112.0,533.8,0.20981641064068943
3,5,-1000.0,0.1800518905184076,0.1800518905184076,645.8,645.8,112.0,533.8,0.20981641064068943
3,5,-100.0,0.15198297321345433,0.15198297321345433,645.8,645.8,112.0,533.8,0.20981641064068943
3,5,-15.0,0.16111719440658462,0.16111719440658462,645.8,645.8,112.0,533.8,0.20981641064068943
3,5,-10.0,0.16532924733005974,0.16532924733005974,645.8,645.8,112.0,533.8,0.20981641064068943
3,5,-6.0,0.17251792642976044,0.17049195767160588,645.8,615.8,104.8,510.99999999999994,0.20508806262230922
3,5,0.0,0.1803571905696156,0.0,645.8,0.0,0.0,0.0,
3,7,-inf,0.17180920871006705,0.17180920871006705,645.8,645.8,112.0,533.8,0.20981641064068943
3,7,-1000000.0,0.1768198762344866,0.1768198762344866,645.8,645.8,112.0,533.8,0.20981641064068943
3,7,-100000.0,0.17866194276595193,0.17866194276595193,645.8,645.8,112.0,533.8,0.20981641064068943
3,7,-10000.0,0.1648882268091697,0.1648882268091697,645.8,645.8,112.0,533.8,0.20981641064068943
3,7,-1000.0,0.1697495025752785,0.1697495025752785,645.8,645.8,112.0,533.8,0.20981641064068943
3,7,-100.0,0.1712413457692918,0.1712413457692918,645.8,645.8,112.0,533.8,0.20981641064068943
3,7,-15.0,0.16158228870682428,0.16158228870682428,645.8,645.8,112.0,533.8,0.20981641064068943
3,7,-10.0,0.1760544123816326,0.17611543223782364,645.8,645.4,112.0,533.4,0.2099737532808399
3,7,-6.0,0.17502690013488112,0.17444123031085207,645.8,625.6,107.6,518.0,0.20772200772200772
3,7,0.0,0.17443052342138046,0.0,645.8,0.0,0.0,0.0,
3,10,-inf,0.1751835393533609,0.1751835393533609,645.8,645.8,112.0,533.8,0.20981641064068943
3,10,-1000000.0,0.15000387691646289,0.15000387691646289,645.8,645.8,112.0,533.8,0.20981641064068943
3,10,-100000.0,0.16952967389682136,0.16959069375301242,645.8,645.4,112.0,533.4,0.2099737532808399
3,10,-10000.0,0.17363957493955284,0.17363957493955284,645.8,645.8,112.0,533.8,0.20981641064068943
3,10,-1000.0,0.16386011794558333,0.16386011794558333,645.8,645.8,112.0,533.8,0.20981641064068943
3,10,-100.0,0.1524477123273658,0.1524477123273658,645.8,645.8,112.0,533.8,0.20981641064068943
3,10,-15.0,0.1613645652872536,0.1613645652872536,645.8,645.8,112.0,533.8,0.20981641064068943
3,10,-10.0,0.1648167133303991,0.1648167133303991,645.8,645.8,112.0,533.8,0.20981641064068943
3,10,-6.0,0.16284300020892176,0.1603643985051715,645.8,629.6,107.8,521.8000000000001,0.2065925642008432
3,10,0.0,0.17747505659751805,0.0,645.8,0.0,0.0,0.0,
3,15,-inf,0.1675400894653674,0.1675400894653674,645.8,645.8,112.0,533.8,0.20981641064068943
3,15,-1000000.0,0.17146062892481473,0.17146062892481473,645.8,645.8,112.0,533.8,0.20981641064068943
3,15,-100000.0,0.16852139095000102,0.16852139095000102,645.8,645.8,112.0,533.8,0.20981641064068943
3,15,-10000.0,0.17400600542739947,0.17400600542739947,645.8,645.8,112.0,533.8,0.20981641064068943
3,15,-1000.0,0.17535721416070715,0.17535721416070715,645.8,645.8,112.0,533.8,0.20981641064068943
3,15,-100.0,0.15551716091150056,0.15551716091150056,645.8,645.8,112.0,533.8,0.20981641064068943
3,15,-15.0,0.16055987667173474,0.16055987667173474,645.8,645.8,112.0,533.8,0.20981641064068943
3,15,-10.0,0.17713504208393946,0.17713504208393946,645.8,645.8,112.0,533.8,0.20981641064068943
3,15,-6.0,0.165306090369496,0.1636890998883493,645.8,625.6,107.6,518.0,0.20772200772200772
3,15,0.0,0.1800518905184076,0.0,645.8,0.0,0.0,0.0,
3,20,-inf,0.17211639970917136,0.17211639970917136,645.8,645.8,112.0,533.8,0.20981641064068943
3,20,-1000000.0,0.17380947926892035,0.17380947926892035,645.8,645.8,107.8,538.0,0.2003717472118959
3,20,-100000.0,0.17057148437851202,0.17057148437851202,645.8,645.8,112.0,533.8,0.20981641064068943
3,20,-10000.0,0.1625162510073026,0.1625162510073026,645.8,645.8,112.0,533.8,0.20981641064068943
3,20,-1000.0,0.1757648982277394,0.1757648982277394,645.8,645.8,112.0,533.8,0.20981641064068943
3,20,-100.0,0.17315429890588896,0.17315429890588896,645.8,645.8,107.8,538.0,0.2003717472118959
3,20,-15.0,0.16606511619662825,0.16606511619662825,645.8,645.8,112.0,533.8,0.20981641064068943
3,20,-10.0,0.1617242682481627,0.1617242682481627,645.8,645.8,112.0,533.8,0.20981641064068943
3,20,-6.0,0.17701888501164847,0.1760756626205328,645.8,625.0,107.4,517.6,0.20749613601236477
3,20,0.0,0.15831308581271086,0.0,645.8,0.0,0.0,0.0,
3,25,-inf,0.1732020037750847,0.1732020037750847,645.8,645.8,112.0,533.8,0.20981641064068943
3,25,-1000000.0,0.16673690925797094,0.16679792911416194,645.8,645.4,107.6,537.8,0.20007437709185572
3,25,-100000.0,0.16035475444761618,0.16035475444761618,645.8,645.8,112.0,533.8,0.20981641064068943
3,25,-10000.0,0.1737509240957754,0.1737509240957754,645.8,645.8,112.0,533.8,0.20981641064068943
3,25,-1000.0,0.15996300203327882,0.16002402188946985,645.8,645.4,107.6,537.8,0.20007437709185572
3,25,-100.0,0.17114756411354656,0.17114756411354656,645.8,645.8,107.6,538.1999999999999,0.19992567818654777
3,25,-15.0,0.18232549406173212,0.18232549406173212,645.8,645.8,112.0,533.8,0.20981641064068943
3,25,-10.0,0.1582901111120171,0.1582901111120171,645.8,645.8,107.6,538.1999999999999,0.19992567818654777
3,25,-6.0,0.18013531133309613,0.17898324968113904,645.8,625.4,107.4,518.0,0.20733590733590734
3,25,0.0,0.1719184280236662,0.0,645.8,0.0,0.0,0.0,
3,28,-inf,0.16316556301309176,0.16316556301309176,645.8,645.8,112.0,533.8,0.20981641064068943
3,28,-1000000.0,0.1725057493365676,0.1725057493365676,645.8,645.8,112.0,533.8,0.20981641064068943
3,28,-100000.0,0.17333544350781868,0.17333544350781868,645.8,645.8,112.0,533.8,0.20981641064068943
3,28,-10000.0,0.1764796223648072,0.1764796223648072,645.8,645.8,112.0,533.8,0.20981641064068943
3,28,-1000.0,0.1719667954108029,0.1719667954108029,645.8,645.8,112.0,533.8,0.20981641064068943
3,28,-100.0,0.1632324638157961,0.1632324638157961,645.8,645.8,112.0,533.8,0.20981641064068943
3,28,-15.0,0.16284300020892176,0.16284300020892176,645.8,645.8,112.0,533.8,0.20981641064068943
3,28,-10.0,0.17403749941497418,0.17403749941497418,645.8,645.8,112.0,533.8,0.20981641064068943
3,28,-6.0,0.15483849325770074,0.15366597859801606,645.8,626.2,107.6,518.6,0.20748168145005783
3,28,0.0,0.17460560058318247,0.0,645.8,0.0,0.0,0.0,
2,5,-inf,0.16857145282833594,0.16857145282833594,877.6,877.6,133.0,744.6,0.17861939296266452
2,5,-1000000.0,0.16589735342783812,0.16589735342783812,877.6,877.6,133.0,744.6,0.17861939296266452
2,5,-100000.0,0.16680509204263064,0.16680509204263064,877.6,877.6,133.0,744.6,0.17861939296266452
2,5,-10000.0,0.17426783911628346,0.17426783911628346,877.6,877.6,133.0,744.6,0.17861939296266452
2,5,-1000.0,0.16626565817473446,0.16626565817473446,877.6,877.6,133.0,744.6,0.17861939296266452
2,5,-100.0,0.1718362805774994,0.1718362805774994,877.6,877.6,133.0,744.6,0.17861939296266452
2,5,-15.0,0.17350326277634248,0.17350326277634248,877.6,877.6,133.0,744.6,0.17861939296266452
2,5,-10.0,0.16720090647505398,0.16720090647505398,877.6,877.6,133.0,744.6,0.17861939296266452
2,5,-6.0,0.1722391448179042,0.1725048741769617,877.6,836.6,126.8,709.8000000000001,0.17864187094956324
2,5,0.0,0.16511044218611004,0.0,877.6,0.0,0.0,0.0,
2,7,-inf,0.17570376814849606,0.17570376814849606,877.6,877.6,133.0,744.6,0.17861939296266452
2,7,-1000000.0,0.1680167999649461,0.1680167999649461,877.6,877.6,133.0,744.6,0.17861939296266452
2,7,-100000.0,0.1696061377129909,0.1696061377129909,877.6,877.6,133.0,744.6,0.17861939296266452
2,7,-10000.0,0.17379575924589075,0.17379575924589075,877.6,877.6,133.0,744.6,0.17861939296266452
2,7,-1000.0,0.1744938362252741,0.1744938362252741,877.6,877.6,133.0,744.6,0.17861939296266452
2,7,-100.0,0.16589494587135198,0.16589494587135198,877.6,877.6,133.0,744.6,0.17861939296266452
2,7,-15.0,0.17628154139869606,0.17628154139869606,877.6,877.6,133.0,744.6,0.17861939296266452
2,7,-10.0,0.16816317696381794,0.16816317696381794,877.6,877.6,133.0,744.6,0.17861939296266452
2,7,-6.0,0.17939057075803394,0.1803697325091052,877.6,859.8,130.4,729.4,0.17877707704962983
2,7,0.0,0.17725656935710332,0.0,877.6,0.0,0.0,0.0,
2,10,-inf,0.17227842567736573,0.17227842567736573,877.6,877.6,133.0,744.6,0.17861939296266452
2,10,-1000000.0,0.16739233943066506,0.16739233943066506,877.6,877.6,133.0,744.6,0.17861939296266452
2,10,-100000.0,0.1774696229900151,0.1774696229900151,877.6,877.6,133.0,744.6,0.17861939296266452
2,10,-10000.0,0.16846550466565086,0.16846550466565086,877.6,877.6,133.0,744.6,0.17861939296266452
2,10,-1000.0,0.16483030166059034,0.16483030166059034,877.6,877.6,133.0,744.6,0.17861939296266452
2,10,-100.0,0.18320851641842315,0.18320851641842315,877.6,877.6,133.0,744.6,0.17861939296266452
2,10,-15.0,0.17320268851625992,0.17320268851625992,877.6,877.6,133.0,744.6,0.17861939296266452
2,10,-10.0,0.17567383161163427,0.17567383161163427,877.6,877.6,133.0,744.6,0.17861939296266452
2,10,-6.0,0.16934377445885812,0.17147909914619533,877.6,853.2,130.4,722.8000000000001,0.18040951853901493
2,10,0.0,0.18320851641842312,0.0,877.6,0.0,0.0,0.0,
2,15,-inf,0.16800657506650052,0.16800657506650052,877.6,877.6,133.0,744.6,0.17861939296266452
2,15,-1000000.0,0.17324765716922727,0.17324765716922727,877.6,877.6,133.0,744.6,0.17861939296266452
2,15,-100000.0,0.17382638003139392,0.17382638003139392,877.6,877.6,133.0,744.6,0.17861939296266452
2,15,-10000.0,0.16961887043714047,0.16961887043714047,877.6,877.6,133.0,744.6,0.17861939296266452
2,15,-1000.0,0.1682965163283457,0.1682965163283457,877.6,877.6,133.0,744.6,0.17861939296266452
2,15,-100.0,0.1679008748406996,0.1679008748406996,877.6,877.6,133.0,744.6,0.17861939296266452
2,15,-15.0,0.17392845816468067,0.17392845816468067,877.6,877.6,133.0,744.6,0.17861939296266452
2,15,-10.0,0.17563788306882386,0.17563788306882386,877.6,877.6,133.0,744.6,0.17861939296266452
2,15,-6.0,0.17548662789882974,0.17652262215956838,877.6,857.0,130.0,727.0,0.17881705639614856
2,15,0.0,0.1707083521893151,0.0,877.6,0.0,0.0,0.0,
2,20,-inf,0.16829651632834572,0.16829651632834572,877.6,877.6,133.0,744.6,0.17861939296266452
2,20,-1000000.0,0.16855401429699604,0.16855401429699604,877.6,877.6,133.0,744.6,0.17861939296266452
2,20,-100000.0,0.16211665083848734,0.16211665083848734,877.6,877.6,133.2,744.4000000000001,0.17893605588393333
2,20,-10000.0,0.1718395043265215,0.1718395043265215,877.6,877.6,131.2,746.4000000000001,0.17577706323687028
2,20,-1000.0,0.1768085701570242,0.1768085701570242,877.6,877.6,132.8,744.8,0.1783029001074114
2,20,-100.0,0.16049105166083494,0.16049105166083494,877.6,877.6,131.6,746.0,0.17640750670241287
2,20,-15.0,0.1769691699442597,0.1769691699442597,877.6,877.6,133.2,744.4000000000001,0.17893605588393333
2,20,-10.0,0.1715531154357073,0.1715531154357073,877.6,877.6,131.6,746.0,0.17640750670241287
2,20,-6.0,0.17435568745960991,0.17701764131169076,877.6,846.4,129.6,716.8,0.18080357142857142
2,20,0.0,0.1679853723174333,0.0,877.6,0.0,0.0,0.0,
2,25,-inf,0.16348570260196232,0.16348570260196232,877.6,877.6,133.0,744.6,0.17861939296266452
2,25,-1000000.0,0.16725074083635766,0.16725074083635766,877.6,877.6,133.0,744.6,0.17861939296266452
2,25,-100000.0,0.17115286146038194,0.17115286146038194,877.6,877.6,133.0,744.6,0.17861939296266452
2,25,-10000.0,0.18164819896059956,0.18164819896059956,877.6,877.6,133.0,744.6,0.17861939296266452
2,25,-1000.0,0.16568194632038535,0.16568194632038535,877.6,877.6,133.0,744.6,0.17861939296266452
2,25,-100.0,0.17394336325563636,0.17394336325563636,877.6,877.6,133.0,744.6,0.17861939296266452
2,25,-15.0,0.17126979972988915,0.17126979972988915,877.6,877.6,133.0,744.6,0.17861939296266452
2,25,-10.0,0.16998276151347938,0.16998276151347938,877.6,877.6,133.0,744.6,0.17861939296266452
2,25,-6.0,0.17170529495694686,0.17449199464336468,877.6,847.8,130.0,717.8,0.18110894399554195
2,25,0.0,0.16861737616079706,0.0,877.6,0.0,0.0,0.0,
2,28,-inf,0.17141004790721645,0.17141004790721645,877.6,877.6,133.0,744.6,0.17861939296266452
2,28,-1000000.0,0.17239764776341845,0.17239764776341845,877.6,877.6,133.0,744.6,0.17861939296266452
2,28,-100000.0,0.17160610054230782,0.17160610054230782,877.6,877.6,133.0,744.6,0.17861939296266452
2,28,-10000.0,0.1679018264953939,0.1679018264953939,877.6,877.6,133.0,744.6,0.17861939296266452
2,28,-1000.0,0.17356816994015967,0.17356816994015967,877.6,877.6,133.0,744.6,0.17861939296266452
2,28,-100.0,0.1673955413806322,0.1673955413806322,877.6,877.6,133.0,744.6,0.17861939296266452
2,28,-15.0,0.17868667363909427,0.17868667363909427,877.6,877.6,133.0,744.6,0.17861939296266452
2,28,-10.0,0.16916979356856876,0.16916979356856876,877.6,877.6,133.0,744.6,0.17861939296266452
2,28,-6.0,0.17037970117553308,0.17263036314244518,877.6,843.2,128.6,714.6,0.1799608172404142
2,28,0.0,0.1686017984009114,0.0,877.6,0.0,0.0,0.0,
4,5,-inf,0.15973354291933034,0.15973354291933034,300.8,300.8,50.4,250.4,0.20127795527156547
4,5,-1000000.0,0.17058058803947812,0.17063725918634165,300.8,300.6,50.6,250.00000000000003,0.20239999999999997
4,5,-100000.0,0.16681738667982554,0.16687070105693586,300.8,300.6,51.4,249.20000000000002,0.20626003210272872
4,5,-10000.0,0.15090261978670422,0.15095929093356775,300.8,300.6,48.2,252.40000000000003,0.19096671949286845
4,5,-1000.0,0.16925550979063467,0.16929628503350394,300.8,300.6,50.6,250.00000000000003,0.20239999999999997
4,5,-100.0,0.16426526340086842,0.16430603864373775,300.8,300.6,50.6,250.00000000000003,0.20239999999999997
4,5,-15.0,0.16523933997057488,0.1652960111174384,300.8,300.6,51.4,249.20000000000002,0.20626003210272872
4,5,-10.0,0.1722893852961172,0.1723301605389865,300.8,300.6,51.0,249.60000000000002,0.20432692307692304
4,5,-6.0,0.1715838824721147,0.17109289508068132,300.8,280.0,46.2,233.8,0.19760479041916168
4,5,0.0,0.15419591489345458,0.0,300.8,0.0,0.0,0.0,
4,7,-inf,0.15680508426523804,0.15680508426523804,300.8,300.8,48.4,252.4,0.19175911251980982
4,7,-1000000.0,0.155897939779843,0.15595461092670654,300.8,300.6,48.4,252.20000000000002,0.19191118160190324
4,7,-100000.0,0.15455775308735326,0.15461442423421676,300.8,300.6,48.0,252.60000000000002,0.19002375296912113
4,7,-10000.0,0.16379451922673308,0.16385119037359658,300.8,300.6,48.4,252.20000000000002,0.19191118160190324
4,7,-1000.0,0.15358069803552635,0.15363736918238988,300.8,300.6,48.4,252.20000000000002,0.19191118160190324
4,7,-100.0,0.16256123021004898,0.1626020054529183,300.8,300.6,48.4,252.20000000000002,0.19191118160190324
4,7,-15.0,0.15302963230480526,0.15308263407297898,300.8,300.6,48.0,252.60000000000002,0.19002375296912113
4,7,-10.0,0.16144288412959834,0.1614995552764619,300.8,300.6,46.6,254.00000000000003,0.18346456692913385
4,7,-6.0,0.15717683048786554,0.15832214563739866,300.8,276.4,45.2,231.2,0.19550173010380625
4,7,0.0,0.15942150791467374,0.0,300.8,0.0,0.0,0.0,
4,10,-inf,0.16791284922558244,0.16791284922558244,300.8,300.8,51.4,249.4,0.2060946271050521
4,10,-1000000.0,0.16194263367705244,0.16199930482391595,300.8,300.6,51.4,249.20000000000002,0.20626003210272872
4,10,-100000.0,0.17315799755827085,0.17321466870513436,300.8,300.6,51.4,249.20000000000002,0.20626003210272872
4,10,-10000.0,0.1623119919136487,0.16234674989233194,300.8,300.6,51.4,249.20000000000002,0.20626003210272872
4,10,-1000.0,0.16264414214428768,0.1627008132911512,300.8,300.6,51.4,249.20000000000002,0.20626003210272872
4,10,-100.0,0.1698921772167345,0.16993295245960385,300.8,300.6,51.4,249.20000000000002,0.20626003210272872
4,10,-15.0,0.16523933997057488,0.1652960111174384,300.8,300.6,51.4,249.20000000000002,0.20626003210272872
4,10,-10.0,0.1633199886936579,0.16337395274529734,300.8,300.6,51.4,249.20000000000002,0.20626003210272872
4,10,-6.0,0.15661283332245762,0.1575711454814725,300.8,291.4,49.4,241.99999999999997,0.2041322314049587
4,10,0.0,0.15987672664570568,0.0,300.8,0.0,0.0,0.0,
4,15,-inf,0.16362947214977847,0.16362947214977847,300.8,300.8,51.4,249.4,0.2060946271050521
4,15,-1000000.0,0.16320951320101112,0.16325316826136022,300.8,300.6,51.4,249.20000000000002,0.20626003210272872
4,15,-100000.0,0.17162467431881032,0.17166544956167964,300.8,300.6,51.4,249.20000000000002,0.20626003210272872
4,15,-10000.0,0.16396400989197704,0.16402068103884054,300.8,300.6,51.4,249.20000000000002,0.20626003210272872
4,15,-1000.0,0.16320843699479598,0.16326240104643547,300.8,300.6,51.4,249.20000000000002,0.20626003210272872
4,15,-100.0,0.16430709001161906,0.16436009177979274,300.8,300.6,51.4,249.20000000000002,0.20626003210272872
4,15,-15.0,0.16692893837868744,0.1669822527557978,300.8,300.6,51.4,249.20000000000002,0.20626003210272872
4,15,-10.0,0.16320843699479598,0.16326240104643547,300.8,300.6,51.4,249.20000000000002,0.20626003210272872
4,15,-6.0,0.16512187497839406,0.16369129240853433,300.8,292.4,49.4,242.99999999999997,0.20329218106995886
4,15,0.0,0.17440832411545734,0.0,300.8,0.0,0.0,0.0,
4,20,-inf,0.1633199886936579,0.1633199886936579,300.8,300.8,51.4,249.4,0.2060946271050521
4,20,-1000000.0,0.1635408064867148,0.16359380825488856,300.8,300.6,51.2,249.40000000000003,0.20529270248596632
4,20,-100000.0,0.15660671960845113,0.15666339075531466,300.8,300.6,51.4,249.20000000000002,0.20626003210272872
4,20,-10000.0,0.16485422319021245,0.1649081872418519,300.8,300.6,51.4,249.20000000000002,0.20626003210272872
4,20,-1000.0,0.1695118663982406,0.16956853754510412,300.8,300.6,51.2,249.40000000000003,0.20529270248596632
4,20,-100.0,0.17340084411415266,0.17345480816579206,300.8,300.6,51.2,249.40000000000003,0.20529270248596632
4,20,-15.0,0.17040207969647597,0.17045604374811546,300.8,300.6,51.2,249.40000000000003,0.20529270248596632
4,20,-10.0,0.16354080648671482,0.16359380825488853,300.8,300.6,51.2,249.40000000000003,0.20529270248596632
4,20,-6.0,0.16594782146243425,0.1656911003070386,300.8,287.4,48.8,238.59999999999997,0.20452640402347025
4,20,0.0,0.15507859882590308,0.0,300.8,0.0,0.0,0.0,
4,25,-inf,0.16040839918049793,0.16040839918049793,300.8,300.8,51.4,249.4,0.2060946271050521
4,25,-1000000.0,0.17427040933154392,0.17432437338318335,300.8,300.6,51.4,249.20000000000002,0.20626003210272872
4,25,-100000.0,0.17427040933154395,0.1743243733831834,300.8,300.6,51.4,249.20000000000002,0.20626003210272872
4,25,-10000.0,0.1621231105607174,0.16217978170758093,300.8,300.6,51.4,249.20000000000002,0.20626003210272872
4,25,-1000.0,0.1743771785615002,0.17443049293861054,300.8,300.6,51.4,249.20000000000002,0.20626003210272872
4,25,-100.0,0.17116718317463714,0.17122049755174748,300.8,300.6,51.4,249.20000000000002,0.20626003210272872
4,25,-15.0,0.16244393703392174,0.16248471227679107,300.8,300.6,51.4,249.20000000000002,0.20626003210272872
4,25,-10.0,0.16933474445497612,0.1693695024336593,300.8,300.6,51.4,249.20000000000002,0.20626003210272872
4,25,-6.0,0.15507859882590308,0.1562497610224064,300.8,288.0,48.8,239.2,0.2040133779264214
4,25,0.0,0.1743771785615002,0.0,300.8,0.0,0.0,0.0,
4,28,-inf,0.15507859882590308,0.15507859882590308,300.8,300.8,51.4,249.4,0.2060946271050521
4,28,-1000000.0,0.15867920466378907,0.15872285972413816,300.8,300.6,51.4,249.20000000000002,0.20626003210272872
4,28,-100000.0,0.17427040933154392,0.17432437338318335,300.8,300.6,51.4,249.20000000000002,0.20626003210272872
4,28,-10000.0,0.16668218182987146,0.16672295707274076,300.8,300.6,51.4,249.20000000000002,0.20626003210272872
4,28,-1000.0,0.16212311056071746,0.16217978170758093,300.8,300.6,51.4,249.20000000000002,0.20626003210272872
4,28,-100.0,0.17135881981838394,0.17141549096524747,300.8,300.6,51.4,249.20000000000002,0.20626003210272872
4,28,-15.0,0.17038143161563188,0.17043810276249546,300.8,300.6,51.4,249.20000000000002,0.20626003210272872
4,28,-10.0,0.1658685283739994,0.16592153014217315,300.8,300.6,51.4,249.20000000000002,0.20626003210272872
4,28,-6.0,0.16264414214428768,0.16299331307686502,300.8,294.0,50.0,244.0,0.20491803278688525
4,28,0.0,0.16813504770062015,0.0,300.8,0.0,0.0,0.0,
